index,loss,correct,predicted,total_logprob
0,2.315535545349121,0, True,-0.9502058625221252
1,1.1181259155273438,0, True,-0.9681003093719482
2,2.3120527267456055,0, True,-1.053226113319397
3,2.8286538124084473,0, True,-0.6083723902702332
4,0.692469596862793,1, True,-0.8672827482223511
5,2.3571982383728027,0, True,-0.9053322076797485
6,0.9661639332771301,0, True,-0.716363251209259
7,0.5733972787857056,1, True,-0.9012336730957031
8,0.6453803777694702,1, True,-0.8837964534759521
9,0.9714489579200745,0, True,-0.5860127806663513
10,0.5365981459617615,1, True,-0.7247160077095032
11,0.5422847867012024,1, True,-0.6898271441459656
12,2.927199602127075,0, True,-0.7426111102104187
13,2.630990982055664,0, True,-1.0073707103729248
14,2.6841723918914795,0, True,-0.9480343461036682
15,0.4082123637199402,1, True,-0.793656051158905
16,1.1359012126922607,0, True,-1.1453876495361328
17,1.1592555046081543,0, True,-1.1299927234649658
18,2.8243396282196045,0, True,-0.6643196940422058
19,0.30659857392311096,1, True,-0.7487375736236572
20,2.5778932571411133,0, True,-0.9337121248245239
21,2.5253617763519287,0, True,-0.8447831273078918
22,0.565944254398346,1, True,-0.7482417225837708
23,2.538755416870117,0, True,-0.8908448815345764
24,2.820401191711426,0, True,-0.8166550993919373
25,1.209839940071106,0, True,-0.9176656007766724
26,2.5157299041748047,0, True,-1.1147621870040894
27,3.0526814460754395,0, True,-0.6656595468521118
28,3.215695858001709,0, True,-0.7655256986618042
29,2.691843271255493,0, True,-0.9194391369819641
30,2.8420612812042236,0, True,-1.0300756692886353
31,3.72770357131958,0, True,-0.9712501764297485
32,3.250955581665039,0, True,-1.249765396118164
33,2.575261116027832,0, True,-0.8935502767562866
34,0.4121547341346741,1, True,-0.9313177466392517
35,2.167240619659424,0, True,-1.274598479270935
36,1.2144711017608643,0, True,-0.7755373120307922
37,1.2075344324111938,0, True,-0.8143559694290161
38,0.497258722782135,1, True,-0.9699085354804993
39,2.8644795417785645,0, True,-0.9107570648193359
40,3.252502918243408,0, True,-0.8471903204917908
41,2.4879376888275146,0, True,-1.209364652633667
42,3.0595405101776123,0, True,-0.6517046689987183
43,1.1867518424987793,0, True,-0.7503176927566528
44,2.702409029006958,0, True,-0.9393347501754761
45,1.8823561668395996,0, True,-1.5708208084106445
46,0.506054699420929,1, True,-2.067791700363159
47,2.107116222381592,0, True,-2.2935080528259277
48,2.797671318054199,0, True,-0.767436146736145
49,2.9306373596191406,0, True,-0.8188632726669312
50,2.598119020462036,0, True,-0.9902461171150208
51,2.9699137210845947,0, True,-0.6552479267120361
52,3.1334846019744873,0, True,-0.7451731562614441
53,2.6168947219848633,0, True,-0.9555310606956482
54,2.6543591022491455,0, True,-1.1258273124694824
55,2.9830286502838135,0, True,-0.9639269709587097
56,2.8084359169006348,0, True,-1.1517521142959595
57,2.656796932220459,0, True,-0.9775140285491943
58,1.1833276748657227,0, True,-0.8163521885871887
59,2.633913516998291,0, True,-1.1927244663238525
60,2.3179142475128174,0, True,-0.8304173350334167
61,0.5425500273704529,1, True,-1.019113540649414
62,2.2507271766662598,0, True,-0.9862343072891235
63,1.4573166370391846,0, True,-0.9156902432441711
64,1.31454336643219,0, True,-1.0529838800430298
65,0.4443514049053192,1, True,-1.0393227338790894
66,2.9937965869903564,0, True,-0.6677541732788086
67,3.023986339569092,0, True,-0.8149081468582153
68,2.824009418487549,0, True,-0.8075529336929321
69,3.2651526927948,0, True,-0.4591918885707855
70,1.0721995830535889,0, True,-0.6098319888114929
71,2.9700493812561035,0, True,-0.6745255589485168
72,3.073812484741211,0, True,-0.5170239210128784
73,2.6733500957489014,0, True,-0.7597594857215881
74,2.53121280670166,0, True,-0.8371963500976562
75,3.161789655685425,0, True,-0.5603787899017334
76,0.5787215828895569,1, True,-0.6585506796836853
77,2.784511089324951,0, True,-0.7611501216888428
78,1.5322833061218262,0, True,-0.6675305366516113
79,1.5550638437271118,0, True,-0.8336373567581177
80,0.42338624596595764,1, True,-1.1585679054260254
81,1.529407024383545,0, True,-0.7290008664131165
82,3.0308759212493896,0, True,-0.8750782608985901
83,2.65700101852417,0, True,-1.2790592908859253
84,2.717745065689087,0, True,-0.8696301579475403
85,0.4973828196525574,1, True,-0.9085755944252014
86,2.551643133163452,0, True,-1.2194620370864868
87,3.2905290126800537,0, True,-0.5865336656570435
88,3.3382725715637207,0, True,-0.6618322134017944
89,3.2726035118103027,0, True,-0.6805201768875122
90,3.4293549060821533,0, True,-0.6211463212966919
91,1.0699012279510498,0, True,-0.7690218687057495
92,3.2217094898223877,0, True,-0.8046416640281677
93,1.0485032796859741,0, True,-0.6299608945846558
94,0.4569665789604187,1, True,-0.6912620663642883
95,0.4994840919971466,1, True,-0.7274963855743408
96,2.791064500808716,0, True,-0.6370512247085571
97,0.6674642562866211,1, True,-0.7545647621154785
98,2.4880008697509766,0, True,-0.8216935396194458
99,1.1480036973953247,0, True,-0.650671124458313
100,1.137676477432251,0, True,-0.6999123692512512
101,0.5049033164978027,1, True,-0.8087447881698608
102,1.173715353012085,0, True,-0.5673845410346985
103,2.9873454570770264,0, True,-0.6551522016525269
104,0.477091908454895,1, True,-0.734754204750061
105,1.1643174886703491,0, True,-0.47685492038726807
106,3.486163854598999,0, True,-0.6413066387176514
107,0.4319707751274109,1, True,-0.6438631415367126
108,0.4234744608402252,1, True,-0.5537328720092773
109,1.2259548902511597,0, True,-0.6351732015609741
110,1.204719066619873,0, True,-0.6312491297721863
111,2.844937801361084,0, True,-0.5670893788337708
112,1.1424025297164917,0, True,-0.5931394100189209
113,2.844937801361084,0, True,-0.5670893788337708
114,0.9668123722076416,0, True,-0.6522534489631653
115,0.9684962630271912,0, True,-0.6689351201057434
116,1.0104789733886719,0, True,-0.7540539503097534
117,3.168639659881592,0, True,-0.7086825370788574
118,0.9990870952606201,0, True,-0.6728498935699463
119,3.049710988998413,0, True,-0.794851541519165
120,3.2067036628723145,0, True,-0.5585678815841675
121,3.311772108078003,0, True,-0.6076222062110901
122,3.022505283355713,0, True,-0.719864547252655
123,3.448532819747925,0, True,-0.6399023532867432
124,3.3875365257263184,0, True,-0.7704333066940308
125,3.2027602195739746,0, True,-0.7930153608322144
126,1.1287574768066406,0, True,-0.5493668913841248
127,0.4212745726108551,1, True,-0.7183411121368408
128,0.4551614224910736,1, True,-0.7344765663146973
129,1.0118670463562012,0, True,-0.6543512940406799
130,1.1311582326889038,0, True,-0.7880359888076782
131,0.4700987935066223,1, True,-0.8001590371131897
132,2.098592758178711,0, False,-2.225379467010498
133,2.2490341663360596,0, False,-2.9215457439422607
134,2.1749300956726074,0, False,-3.0701475143432617
135,3.283714771270752,0, True,-1.2415289878845215
136,1.075795292854309,0, True,-1.3782600164413452
137,3.2956695556640625,0, True,-1.4203767776489258
138,0.9642149209976196,0, True,-1.3594669103622437
139,0.9535846710205078,0, True,-1.5167322158813477
140,0.5387555956840515,1, True,-1.5015947818756104
141,2.941312551498413,0, True,-0.9532457590103149
142,3.0792646408081055,0, True,-1.0125317573547363
143,2.7667489051818848,0, True,-1.1530437469482422
144,0.34509995579719543,1, True,-0.6996520757675171
145,1.2983193397521973,0, True,-1.051663875579834
146,1.1812752485275269,0, True,-1.3245636224746704
147,3.5203824043273926,0, True,-0.6709343194961548
148,3.6564173698425293,0, True,-0.7329922914505005
149,3.2493979930877686,0, True,-0.839974582195282
150,2.8879594802856445,0, True,-1.9584574699401855
151,1.6922686100006104,0, True,-2.4350783824920654
152,0.36093583703041077,1, True,-2.3945419788360596
153,2.5833072662353516,0, True,-2.2905969619750977
154,3.0826823711395264,0, True,-3.3607003688812256
155,2.7743375301361084,0, True,-3.4366447925567627
156,3.4037160873413086,0, True,-2.021040439605713
157,0.20413078367710114,1, True,-2.5879971981048584
158,4.025467395782471,0, True,-2.78957462310791
159,1.0009384155273438,0, True,-0.9780563712120056
160,0.954613208770752,0, True,-1.3268890380859375
161,0.9689379334449768,0, True,-1.1692559719085693
162,1.211510181427002,0, True,-0.7736664414405823
163,1.1448739767074585,0, True,-0.877419114112854
164,0.45998939871788025,1, True,-0.8062301874160767
165,2.8167035579681396,0, True,-0.7210240364074707
166,2.756291389465332,0, True,-0.8925344944000244
167,2.708106517791748,0, True,-0.8281263113021851
168,2.611402750015259,0, True,-0.8796371221542358
169,0.3100523054599762,1, True,-0.8600718975067139
170,2.5294437408447266,0, True,-1.1572264432907104
171,1.4229798316955566,0, True,-0.9421663284301758
172,1.5646535158157349,0, True,-0.979162335395813
173,0.43654265999794006,1, True,-1.2215163707733154
174,2.774735450744629,0, True,-0.9202531576156616
175,2.694894790649414,0, True,-0.9718868732452393
176,2.5081734657287598,0, True,-1.298738718032837
177,3.163731336593628,0, True,-0.6476919651031494
178,3.640425443649292,0, True,-0.6119796633720398
179,3.350454092025757,0, True,-0.7312480807304382
180,0.9997976422309875,0, True,-0.9346330761909485
181,1.0472458600997925,0, True,-1.1630645990371704
182,3.0079569816589355,0, True,-1.2528464794158936
183,3.109890937805176,0, True,-0.5485209226608276
184,0.41368725895881653,1, True,-0.5875635147094727
185,2.9261741638183594,0, True,-0.6520968675613403
186,2.5327796936035156,0, True,-0.6832645535469055
187,0.5223120450973511,1, True,-0.8003461360931396
188,2.2167727947235107,0, True,-0.9393141269683838
189,1.4098050594329834,0, True,-2.4016873836517334
190,1.6705524921417236,0, True,-2.6245758533477783
191,1.5785486698150635,0, True,-2.8661344051361084
192,2.8999853134155273,0, True,-1.3433761596679688
193,1.2532751560211182,0, True,-1.5176012516021729
194,2.7127933502197266,0, True,-1.8301477432250977
195,1.0408751964569092,0, True,-0.7593481540679932
196,1.0501329898834229,0, True,-0.8575350046157837
197,0.4459034204483032,1, True,-0.8911283016204834
198,2.5913279056549072,0, True,-0.820491373538971
199,2.7633354663848877,0, True,-0.9485618472099304
200,2.6783523559570312,0, True,-0.9726400375366211
201,2.8043761253356934,0, True,-0.5289607048034668
202,0.4072127640247345,1, True,-0.5782279968261719
203,2.7450499534606934,0, True,-0.635786771774292
204,1.1505883932113647,0, True,-0.6155209541320801
205,1.2835452556610107,0, True,-0.707078218460083
206,0.5009014010429382,1, True,-0.91866534948349
207,2.7515337467193604,0, True,-0.614601194858551
208,0.5021067261695862,1, True,-0.6949737071990967
209,2.504739999771118,0, True,-0.8155196309089661
210,1.2060136795043945,0, True,-0.64268559217453
211,1.4156310558319092,0, True,-0.6949484348297119
212,0.4320404529571533,1, True,-1.0012003183364868
213,1.1127313375473022,0, True,-0.8365631103515625
214,1.2263685464859009,0, True,-0.8129540681838989
215,1.2010504007339478,0, True,-1.0168174505233765
216,1.1071856021881104,0, True,-0.7286300659179688
217,1.1856346130371094,0, True,-0.7752727270126343
218,0.5013482570648193,1, True,-0.9848299026489258
219,1.4738157987594604,0, True,-0.5902653932571411
220,1.65192449092865,0, True,-0.5801607966423035
221,2.90490984916687,0, True,-0.7853277921676636
222,3.1453304290771484,0, True,-0.5786161422729492
223,0.6937640309333801,1, True,-0.5785525441169739
224,3.0068793296813965,0, True,-0.6494358777999878
225,3.446010112762451,0, True,-0.5115154385566711
226,3.333057403564453,0, False,-0.5492774248123169
227,3.243624687194824,0, True,-0.6203988790512085
228,3.2306125164031982,0, True,-0.5915369987487793
229,0.80103600025177,0, True,-0.5962271094322205
230,3.0595202445983887,0, True,-0.6818603277206421
231,3.465085029602051,0, True,-0.5732565522193909
232,0.43765944242477417,1, True,-0.7034462094306946
233,3.4329679012298584,0, True,-0.7182154059410095
234,1.1846963167190552,0, True,-0.5948091745376587
235,1.1887232065200806,0, True,-0.7943168878555298
236,0.4607272446155548,1, True,-0.809107780456543
237,3.213754415512085,0, True,-0.604446530342102
238,2.9559879302978516,0, True,-0.8049200177192688
239,3.1329917907714844,0, True,-0.8202404379844666
240,1.0459293127059937,0, True,-0.7618317008018494
241,1.1388843059539795,0, True,-0.8488960266113281
242,1.0807788372039795,0, True,-0.876669704914093
243,0.8152164220809937,0, True,-0.7640224695205688
244,0.8596171140670776,0, True,-0.7888565063476562
245,0.6219448447227478,1, True,-0.9379070401191711
246,3.477632522583008,0, True,-0.7615894079208374
247,3.5019447803497314,0, True,-0.7613779306411743
248,3.628084421157837,0, True,-0.8959996104240417
249,0.5778859853744507,1, True,-0.6331872940063477
250,0.9679310321807861,0, True,-0.6757681369781494
251,0.9008536338806152,0, True,-0.8528871536254883
252,1.0761778354644775,0, True,-0.4930262267589569
253,1.079057216644287,0, True,-0.5197283625602722
254,1.004737377166748,0, True,-0.6182982921600342
255,3.4870452880859375,0, True,-0.5299292206764221
256,1.0582633018493652,0, True,-0.5227975249290466
257,0.9401235580444336,0, True,-0.7406136989593506
258,2.827089786529541,0, True,-1.21024751663208
259,0.5178213715553284,1, True,-1.4316563606262207
260,2.827000141143799,0, True,-1.5565423965454102
261,0.9599786996841431,0, True,-2.0529637336730957
262,0.8978835940361023,0, True,-2.5466511249542236
263,0.6953426599502563,1, True,-2.5267014503479004
264,2.4911999702453613,0, True,-2.436750888824463
265,2.4787187576293945,0, True,-3.2244315147399902
266,2.560253143310547,0, True,-3.1368799209594727
267,0.34161239862442017,1, True,-0.955282986164093
268,1.625140905380249,0, True,-1.3019449710845947
269,1.5922718048095703,0, True,-1.5057499408721924
270,1.5804443359375,0, True,-0.8986445069313049
271,0.38066571950912476,1, True,-1.2955660820007324
272,0.41192954778671265,1, True,-1.444575548171997
273,2.5773329734802246,0, True,-1.0328254699707031
274,2.9362704753875732,0, True,-1.126977562904358
275,2.7950692176818848,0, True,-1.3624385595321655
276,0.6962154507637024,1, True,-2.2195863723754883
277,0.917006254196167,0, True,-2.511814832687378
278,0.9174426198005676,0, True,-2.713963031768799
279,1.4426252841949463,0, False,-1.7432234287261963
280,1.1863367557525635,0, False,-2.117372751235962
281,1.4790184497833252,0, False,-2.2025578022003174
282,0.5836346745491028,1, True,-1.9488966464996338
283,1.1980003118515015,0, True,-2.780050039291382
284,1.2003426551818848,0, True,-2.877354145050049
285,3.237123727798462,0, True,-0.715416431427002
286,0.487058162689209,1, True,-0.916602373123169
287,2.8667049407958984,0, True,-1.0025089979171753
288,0.3968029022216797,1, True,-0.668921947479248
289,1.2772572040557861,0, True,-0.888971745967865
290,1.1339772939682007,0, True,-0.9625669717788696
291,3.145265579223633,0, True,-0.7031238079071045
292,3.220615863800049,0, True,-0.8539943695068359
293,2.9885432720184326,0, True,-0.968040406703949
294,3.331815004348755,0, True,-1.2426073551177979
295,0.7512667179107666,0, True,-1.4373185634613037
296,3.2260775566101074,0, True,-1.4090075492858887
297,0.7139595150947571,1, False,-1.2818758487701416
298,0.7709808945655823,0, True,-1.5307743549346924
299,0.7276433706283569,1, False,-1.5068308115005493
300,0.9704671502113342,0, True,-0.9333019852638245
301,1.0481069087982178,0, True,-1.115941047668457
302,0.5498932003974915,1, True,-1.2718377113342285
303,1.50204336643219,0, True,-1.6332491636276245
304,1.9040782451629639,0, True,-2.130542039871216
305,1.873328447341919,0, True,-2.3302571773529053
306,1.4440630674362183,0, True,-1.3629742860794067
307,1.46156907081604,0, True,-1.884953260421753
308,0.35446101427078247,1, True,-2.0862696170806885
309,1.0691754817962646,0, True,-1.6402842998504639
310,0.7176904082298279,1, True,-2.1115188598632812
311,1.4982852935791016,0, True,-2.3701233863830566
312,3.1079931259155273,0, True,-0.771145224571228
313,3.122807264328003,0, True,-0.876455545425415
314,2.674973726272583,0, True,-1.1538419723510742
315,0.5490536689758301,1, True,-0.7656831741333008
316,1.024498701095581,0, True,-0.7666592001914978
317,0.9369699358940125,0, True,-1.0766854286193848
318,0.9734666347503662,0, True,-0.6982649564743042
319,0.5421590209007263,1, True,-0.7296447157859802
320,0.6214405298233032,1, True,-0.9745575189590454
321,0.9255875945091248,0, True,-0.5773292183876038
322,0.9283155798912048,0, True,-0.687425434589386
323,0.6694499254226685,1, True,-0.9796602725982666
324,0.9553184509277344,0, True,-0.6865472793579102
325,0.9315193295478821,0, True,-0.7682536244392395
326,0.6373870372772217,1, True,-1.0208499431610107
327,3.345804452896118,0, True,-0.6368904709815979
328,3.4732439517974854,0, True,-0.6712749600410461
329,3.0314953327178955,0, True,-0.9846770167350769
330,1.0790894031524658,0, True,-0.624758780002594
331,1.2066514492034912,0, True,-0.7169070243835449
332,0.5300484895706177,1, True,-0.8327882289886475
333,2.993053674697876,0, True,-0.7102471590042114
334,3.2324624061584473,0, True,-0.688445508480072
335,2.8994534015655518,0, True,-0.7354881763458252
336,0.8145804405212402,0, True,-0.5514508485794067
337,0.8315549492835999,0, True,-0.7096644043922424
338,0.7405221462249756,1, True,-0.8380100727081299
339,0.9788779020309448,0, True,-0.7342957258224487
340,1.093795657157898,0, True,-0.8643568754196167
341,0.5774522423744202,1, True,-1.042006254196167
342,0.9474264979362488,0, True,-0.8674364686012268
343,1.0101807117462158,0, True,-1.0032298564910889
344,0.6240329146385193,1, True,-1.153070330619812
345,2.9531986713409424,0, True,-0.8103520274162292
346,3.0150108337402344,0, True,-0.7960175275802612
347,2.641572952270508,0, True,-1.030468225479126
348,0.9679980278015137,0, True,-0.588612973690033
349,0.5341475605964661,1, True,-0.689444363117218
350,0.8864765167236328,0, True,-0.8301088809967041
351,3.6925570964813232,0, True,-0.4964105486869812
352,1.0479332208633423,0, True,-0.5798437595367432
353,3.365023374557495,0, True,-0.710284411907196
354,2.6552627086639404,0, True,-0.8737419247627258
355,2.8952808380126953,0, True,-0.9182219505310059
356,2.435086727142334,0, True,-1.0866684913635254
357,3.239051580429077,0, True,-0.6850516200065613
358,1.0664793252944946,0, True,-0.7836077213287354
359,3.0359561443328857,0, True,-0.9487308859825134
360,0.8128226399421692,1, False,-1.9409058094024658
361,0.8582718372344971,0, True,-2.241234540939331
362,1.9316432476043701,0, False,-2.3334906101226807
363,0.828666627407074,0, True,-0.5232793688774109
364,3.5794384479522705,0, True,-0.636757493019104
365,3.1785314083099365,0, True,-0.7696486115455627
366,3.224977493286133,0, True,-0.812917947769165
367,3.273723602294922,0, True,-1.065183162689209
368,2.8500101566314697,0, True,-1.189591646194458
369,3.6007041931152344,0, True,-0.8646988868713379
370,0.4546409249305725,1, True,-0.9104757905006409
371,3.3128747940063477,0, True,-1.0315828323364258
372,1.0576261281967163,0, True,-0.9861727952957153
373,1.0949877500534058,0, True,-1.0217891931533813
374,0.5166223645210266,1, True,-1.1662781238555908
375,3.0810647010803223,0, True,-0.7815978527069092
376,2.7916204929351807,0, True,-1.014855980873108
377,2.6469807624816895,0, True,-1.1121799945831299
378,0.957199215888977,0, True,-1.0585817098617554
379,1.0225365161895752,0, True,-1.1538894176483154
380,0.6697713732719421,1, True,-1.1764073371887207
381,0.8372845649719238,0, True,-0.6754693984985352
382,0.9606635570526123,0, True,-0.6943132877349854
383,0.5787423253059387,1, True,-0.8135942220687866
384,2.5313034057617188,0, True,-1.2744388580322266
385,2.5180840492248535,0, True,-1.544573426246643
386,2.4430041313171387,0, True,-1.6593680381774902
387,1.307700514793396,0, True,-1.916746735572815
388,1.191907525062561,0, True,-2.21720814704895
389,0.36810192465782166,1, True,-2.8154499530792236
390,3.0391600131988525,0, True,-0.4949948191642761
391,3.0007755756378174,0, True,-0.6524643898010254
392,3.004671335220337,0, True,-0.7180819511413574
393,2.2431931495666504,0, True,-0.9082504510879517
394,0.5186611413955688,1, True,-1.103023886680603
395,1.7547690868377686,0, True,-1.2703139781951904
396,1.5027652978897095,0, True,-0.9158380031585693
397,1.4802404642105103,0, True,-1.1249655485153198
398,0.530809223651886,1, True,-1.328613042831421
399,2.856503963470459,0, True,-0.748636782169342
400,1.310508370399475,0, True,-0.8137634992599487
401,2.5721793174743652,0, True,-0.9567645788192749
402,3.047018527984619,0, True,-0.8034036159515381
403,3.391450881958008,0, True,-0.8147441148757935
404,2.9742605686187744,0, True,-0.967594563961029
405,1.080226182937622,0, True,-0.852144718170166
406,0.4542520344257355,1, True,-0.8040515184402466
407,0.545812726020813,1, True,-0.8915616273880005
408,2.5658106803894043,0, True,-0.9816979169845581
409,2.626709222793579,0, True,-1.0310521125793457
410,2.326141357421875,0, True,-1.453887939453125
411,2.5516357421875,0, True,-0.8554067611694336
412,0.4074805676937103,1, True,-0.9884296655654907
413,2.204228162765503,0, True,-1.3681387901306152
414,1.7167012691497803,0, True,-1.0484442710876465
415,1.5599067211151123,0, True,-1.051884412765503
416,0.37883156538009644,1, True,-1.4207260608673096
417,0.5626768469810486,1, True,-0.6166267991065979
418,0.9335667490959167,0, True,-0.7785974144935608
419,0.8999046683311462,0, True,-0.8362599015235901
420,3.3685922622680664,0, True,-0.47300803661346436
421,3.1616036891937256,0, True,-0.658384382724762
422,2.956524610519409,0, True,-0.7110641002655029
423,0.800884485244751,0, True,-0.878846287727356
424,3.228625774383545,0, True,-0.8335973024368286
425,2.8156442642211914,0, True,-1.1374486684799194
426,0.8544576168060303,0, True,-0.7401797771453857
427,0.834973931312561,0, True,-0.8741881847381592
428,0.6863298416137695,1, True,-1.0541236400604248
429,3.23516583442688,0, True,-0.7347400784492493
430,3.125044345855713,0, True,-0.8489359021186829
431,2.7896459102630615,0, True,-1.014909029006958
432,3.1949968338012695,0, True,-0.6457866430282593
433,3.0775718688964844,0, True,-0.7067110538482666
434,2.8317811489105225,0, True,-0.8600255846977234
435,1.1410804986953735,0, True,-0.6565182209014893
436,1.1268692016601562,0, True,-0.6845772862434387
437,0.534961462020874,1, True,-0.8414410352706909
438,1.3450080156326294,0, True,-0.4343324899673462
439,1.4528191089630127,0, True,-0.6810877323150635
440,0.3272157311439514,1, True,-0.6663455963134766
441,1.1987543106079102,0, True,-0.5196347236633301
442,1.1577283143997192,0, True,-0.6590299606323242
443,0.43578407168388367,1, True,-0.5952521562576294
444,3.250023603439331,0, True,-0.5822076797485352
445,0.30692699551582336,1, True,-0.7666639089584351
446,2.575507879257202,0, True,-0.878393292427063
447,2.862095355987549,0, True,-0.7964003682136536
448,1.525167465209961,0, True,-1.056943416595459
449,2.574643135070801,0, True,-1.1270791292190552
450,3.0758392810821533,0, True,-0.5013874769210815
451,3.0165834426879883,0, True,-0.6409742832183838
452,2.782904624938965,0, True,-0.7238985300064087
453,3.097052574157715,0, True,-0.5636091232299805
454,1.1774659156799316,0, True,-0.5676693916320801
455,2.8513448238372803,0, True,-0.7185501456260681
456,2.909536361694336,0, True,-0.5914587378501892
457,3.0028553009033203,0, True,-0.5987061858177185
458,2.6985697746276855,0, True,-0.7294824123382568
459,1.6462148427963257,0, True,-1.492716908454895
460,2.2280380725860596,0, True,-1.6758416891098022
461,1.73158860206604,0, True,-2.2836368083953857
462,1.2537978887557983,0, True,-1.7685586214065552
463,0.6889404058456421,1, True,-1.8904424905776978
464,1.1822516918182373,0, True,-2.395236015319824
465,1.1777739524841309,0, True,-1.6382269859313965
466,1.4385650157928467,0, True,-1.9992222785949707
467,0.781254768371582,1, True,-2.2821731567382812
468,0.9886863231658936,0, True,-1.6467604637145996
469,1.0260636806488037,0, True,-1.984788417816162
470,2.041710138320923,0, True,-2.0699117183685303
471,3.009578227996826,0, True,-0.8357445001602173
472,2.958538055419922,0, True,-1.4184601306915283
473,2.6708152294158936,0, True,-1.720123529434204
474,1.09489107131958,0, True,-0.43494945764541626
475,0.46109738945961,1, True,-0.5785340070724487
476,1.002699375152588,0, True,-0.5602174401283264
477,0.48823294043540955,1, True,-0.42417702078819275
478,1.1009305715560913,0, True,-0.5862233638763428
479,1.0126357078552246,0, True,-0.5747799873352051
480,3.625964641571045,0, True,-0.40123045444488525
481,3.4629673957824707,0, True,-0.5005053281784058
482,3.2748892307281494,0, True,-0.5217406749725342
483,2.3925395011901855,0, True,-0.7872205376625061
484,0.44889014959335327,1, True,-0.9362543225288391
485,2.063124179840088,0, True,-1.1990305185317993
486,1.2686951160430908,0, True,-1.323474645614624
487,1.2014391422271729,0, True,-1.633241891860962
488,0.5788477063179016,1, True,-1.7280495166778564
489,2.386622905731201,0, True,-0.8786295652389526
490,2.4764602184295654,0, True,-0.9283149242401123
491,2.229280471801758,0, True,-1.1525648832321167
492,3.3285980224609375,0, True,-0.4657662808895111
493,3.097630023956299,0, True,-0.6030072569847107
494,2.9626026153564453,0, True,-0.6761126518249512
495,1.1644041538238525,0, True,-0.5105491280555725
496,1.2724412679672241,0, True,-0.682707667350769
497,0.4180627763271332,1, True,-0.7540935277938843
498,1.1195911169052124,0, True,-0.6609152555465698
499,0.439146488904953,1, True,-0.8708027601242065
500,0.4603620767593384,1, True,-0.9367538690567017
501,0.9288288950920105,0, True,-0.7383643388748169
502,0.9031746983528137,0, True,-0.8147327303886414
503,0.7200144529342651,1, True,-0.989677906036377
504,0.8403562307357788,0, True,-0.6790473461151123
505,0.6687983870506287,1, True,-0.767723023891449
506,2.7852272987365723,0, True,-0.8263835906982422
507,3.1138787269592285,0, False,-0.6410489082336426
508,3.271726131439209,0, True,-0.6887954473495483
509,3.102962017059326,0, False,-0.7507704496383667
510,0.9239750504493713,0, True,-1.3725109100341797
511,1.0177252292633057,0, True,-1.9391920566558838
512,0.6365954279899597,1, True,-2.101306438446045
513,2.07292103767395,0, True,-2.2710235118865967
514,2.181910991668701,0, True,-2.6064276695251465
515,1.9621598720550537,0, True,-2.9471685886383057
516,3.258650541305542,0, True,-0.7644302845001221
517,0.3429867625236511,1, True,-0.8632034659385681
518,2.9831459522247314,0, True,-1.0283193588256836
519,0.28051185607910156,1, True,-0.9746782779693604
520,1.6379547119140625,0, True,-1.0161662101745605
521,1.6725268363952637,0, True,-1.205249547958374
522,3.199003219604492,0, True,-0.6316157579421997
523,3.0850448608398438,0, True,-0.7155096530914307
524,2.8484842777252197,0, True,-0.8703027367591858
525,3.854935646057129,0, True,-0.5212763547897339
526,3.7888805866241455,0, True,-0.5444496273994446
527,3.428126811981201,0, True,-0.7264013886451721
528,2.979827404022217,0, True,-0.6718775033950806
529,0.43118593096733093,1, True,-0.7368385791778564
530,2.812814712524414,0, True,-0.9507511854171753
531,0.3852647840976715,1, True,-0.5450791120529175
532,1.453218698501587,0, True,-0.6324456334114075
533,1.3723604679107666,0, True,-0.8218816518783569
534,0.6792659163475037,1, True,-1.6207468509674072
535,1.160874366760254,0, True,-2.025736093521118
536,1.07841157913208,0, True,-2.2175300121307373
537,1.7419538497924805,0, True,-1.5610933303833008
538,2.1770215034484863,0, True,-1.8282475471496582
539,1.985822319984436,0, True,-2.188819408416748
540,0.4579126834869385,1, True,-0.38727259635925293
541,1.0911428928375244,0, True,-0.5417429804801941
542,0.48754966259002686,1, True,-0.5101285576820374
543,1.0358247756958008,0, True,-0.42021265625953674
544,1.0754706859588623,0, True,-0.5678111910820007
545,0.4829702377319336,1, True,-0.5349211692810059
546,3.669053077697754,0, True,-0.4079837501049042
547,3.51749849319458,0, True,-0.5423845052719116
548,3.482008934020996,0, True,-0.5063243508338928
549,1.3308919668197632,0, True,-0.6320797801017761
550,1.242497444152832,0, True,-0.8661531805992126
551,2.8669867515563965,0, True,-1.0564510822296143
552,1.3694194555282593,0, True,-0.6893717050552368
553,1.2831977605819702,0, True,-0.9440213441848755
554,0.39960041642189026,1, True,-1.1823354959487915
555,2.9090683460235596,0, True,-0.5865632891654968
556,2.6916897296905518,0, True,-0.7746279239654541
557,2.5679030418395996,0, True,-0.8127319812774658
558,3.21866774559021,0, True,-0.5672942399978638
559,0.3350808322429657,1, True,-0.7862342596054077
560,2.890681743621826,0, True,-0.8766064643859863
561,1.4778287410736084,0, True,-0.5949847102165222
562,1.4870424270629883,0, True,-0.8558154106140137
563,0.3855365514755249,1, True,-0.9133927822113037
564,2.108572006225586,0, False,-1.8030917644500732
565,2.2876675128936768,0, False,-1.9808356761932373
566,2.0367367267608643,0, False,-2.0832691192626953
567,0.7940403819084167,1, False,-1.9358346462249756
568,0.7847322225570679,1, False,-2.217790126800537
569,1.5957789421081543,0, False,-2.4223008155822754
570,2.830080032348633,0, True,-1.1086503267288208
571,0.7028619050979614,1, True,-1.3406060934066772
572,2.471789836883545,0, True,-1.3250608444213867
573,1.2980756759643555,0, False,-1.7340917587280273
574,1.3237109184265137,0, False,-2.1271302700042725
575,1.2561795711517334,0, False,-1.9803078174591064
576,1.8799352645874023,0, True,-0.9131526947021484
577,1.3106191158294678,0, True,-0.9753029346466064
578,1.6153490543365479,0, True,-1.0852453708648682
579,2.272974729537964,0, True,-0.8708133101463318
580,0.6043829321861267,1, True,-0.945326030254364
581,1.9287043809890747,0, True,-1.0473757982254028
582,3.2354958057403564,0, True,-0.7389366030693054
583,0.9193721413612366,0, True,-0.7976410984992981
584,2.9338486194610596,0, True,-0.9292532801628113
585,2.4940879344940186,0, False,-0.7387965321540833
586,2.536682367324829,0, True,-0.7325899004936218
587,2.2140541076660156,0, False,-0.8877405524253845
588,2.0505311489105225,0, False,-1.3294028043746948
589,2.055293321609497,0, False,-1.6901386976242065
590,1.8613300323486328,0, False,-1.9203846454620361
591,2.9594345092773438,0, False,-0.7590251564979553
592,2.919208526611328,0, False,-0.8922646045684814
593,2.675065279006958,0, False,-1.0227282047271729
594,0.7026954293251038,1, False,-1.7044615745544434
595,1.0922329425811768,0, False,-2.056114912033081
596,1.1543667316436768,0, False,-2.1730856895446777
597,0.8517199158668518,0, False,-0.7381592392921448
598,0.7266142964363098,1, False,-0.9471109509468079
599,0.7346343994140625,1, False,-1.0953389406204224
600,2.888734817504883,0, True,-0.8361738920211792
601,3.008185386657715,0, True,-0.8521196842193604
602,2.8903818130493164,0, True,-0.9375097751617432
603,1.2421329021453857,0, True,-0.5347476601600647
604,1.240779995918274,0, True,-0.5643018484115601
605,3.351062536239624,0, True,-0.5632317662239075
606,1.1618162393569946,0, True,-0.7041090726852417
607,1.142577886581421,0, True,-0.7585896253585815
608,0.5123757719993591,1, True,-0.7824692130088806
609,2.3194518089294434,0, True,-1.66624116897583
610,1.236070156097412,0, True,-2.264835834503174
611,2.98081636428833,0, True,-2.3380613327026367
612,2.46665620803833,0, True,-1.7525677680969238
613,0.333346426486969,1, True,-2.8109865188598633
614,2.5670087337493896,0, True,-2.909281015396118
615,2.152906894683838,0, True,-0.787767767906189
616,1.223649024963379,0, True,-0.8025820851325989
617,2.021331787109375,0, True,-0.9757676720619202
618,0.8118481636047363,0, True,-0.6314125061035156
619,2.5826642513275146,0, True,-0.7127640843391418
620,2.1951675415039062,0, True,-1.004472255706787
621,0.6349459886550903,1, True,-0.6524649858474731
622,0.6214877963066101,1, True,-0.7284975647926331
623,2.1957058906555176,0, True,-0.9254169464111328
624,3.076610803604126,0, True,-0.7691303491592407
625,0.6296223402023315,1, True,-0.9864543676376343
626,2.635010242462158,0, True,-1.1498494148254395
627,2.7379684448242188,0, True,-0.8866333365440369
628,0.9681809544563293,0, True,-1.0339839458465576
629,2.648421049118042,0, True,-1.1442104578018188
630,3.327601671218872,0, True,-0.6725258231163025
631,0.6752332448959351,1, True,-0.8952063322067261
632,2.872244358062744,0, True,-1.0522522926330566
633,2.715643882751465,0, False,-1.754343867301941
634,0.7777794003486633,0, False,-2.364941358566284
635,2.6346640586853027,0, False,-2.2689576148986816
636,0.8807516694068909,0, False,-1.7781641483306885
637,0.7557960748672485,0, True,-2.7471656799316406
638,0.7067646384239197,1, False,-2.681786298751831
639,2.5137553215026855,0, False,-1.7961363792419434
640,2.5012357234954834,0, False,-2.3563501834869385
641,2.5058043003082275,0, False,-2.304072618484497
642,1.6824456453323364,0, True,-1.442285418510437
643,2.0563807487487793,0, True,-1.9127459526062012
644,1.8719813823699951,0, True,-2.2375786304473877
645,1.2507612705230713,0, True,-1.718632459640503
646,1.3427636623382568,0, True,-2.0873091220855713
647,0.451904296875,1, True,-2.524864912033081
648,3.0641629695892334,0, True,-0.6787567138671875
649,0.46240273118019104,1, True,-0.8049263954162598
650,2.6981778144836426,0, True,-0.9775013327598572
651,2.415487051010132,0, True,-0.9040448665618896
652,2.4698734283447266,0, True,-0.9603977203369141
653,2.3629603385925293,0, True,-0.9718042612075806
654,2.298417091369629,0, True,-1.0225696563720703
655,0.7279616594314575,1, True,-1.0823872089385986
656,2.1956770420074463,0, True,-1.1048333644866943
657,0.8466591238975525,0, True,-1.0904905796051025
658,0.7813772559165955,1, False,-1.0888407230377197
659,0.9022848606109619,0, False,-1.1588199138641357
660,0.9881079792976379,0, True,-1.820628046989441
661,0.948393702507019,0, True,-1.8728089332580566
662,0.7129145860671997,1, True,-2.0006494522094727
663,1.6370738744735718,0, True,-1.8962856531143188
664,0.571814775466919,1, True,-2.0430266857147217
665,1.7439206838607788,0, True,-2.198052406311035
666,0.9730169177055359,0, True,-1.9715254306793213
667,2.105813503265381,0, True,-2.012572765350342
668,1.784966230392456,0, True,-2.21866774559021
669,2.7815041542053223,0, True,-0.7534546852111816
670,2.406444787979126,0, True,-1.000709056854248
671,2.3519527912139893,0, True,-1.0401115417480469
672,0.5773126482963562,1, True,-0.751197874546051
673,0.9964489340782166,0, True,-0.965344250202179
674,1.0133097171783447,0, True,-0.9896080493927002
675,1.8167260885238647,0, False,-2.8158087730407715
676,1.6314942836761475,0, False,-3.1898839473724365
677,1.8303279876708984,0, False,-3.323068141937256
678,1.9571659564971924,0, False,-2.668553113937378
679,0.749424934387207,1, False,-3.128103256225586
680,2.1708009243011475,0, False,-3.1813528537750244
681,3.231186866760254,0, True,-0.5873109102249146
682,3.097538709640503,0, True,-0.7429863214492798
683,2.9537274837493896,0, True,-0.7686306238174438
684,1.2314555644989014,0, True,-0.5769922733306885
685,1.1960570812225342,0, True,-0.7146088480949402
686,0.4297710061073303,1, True,-0.7298607230186462
687,2.9935150146484375,0, True,-0.7123799324035645
688,0.4652697443962097,1, True,-0.8513014912605286
689,3.05893874168396,0, True,-0.9499377608299255
690,1.763713002204895,0, True,-2.7141525745391846
691,1.8465144634246826,0, True,-3.696577310562134
692,0.26248618960380554,1, True,-4.429199695587158
693,1.8992815017700195,0, True,-1.4195842742919922
694,2.187509536743164,0, True,-2.197484016418457
695,1.9612438678741455,0, True,-2.4325382709503174
696,0.8834152221679688,0, True,-1.5099515914916992
697,0.6057847738265991,1, True,-1.4398242235183716
698,0.662933886051178,1, True,-1.658926248550415
699,1.4514007568359375,0, True,-0.7934763431549072
700,1.445749282836914,0, True,-0.935885488986969
701,0.4071791470050812,1, True,-1.119468331336975
702,3.065370798110962,0, True,-0.6285257935523987
703,2.8036491870880127,0, True,-0.8276804089546204
704,2.823486328125,0, True,-0.968090832233429
705,1.2333946228027344,0, True,-0.7752981185913086
706,1.1723248958587646,0, True,-0.8640110492706299
707,0.4767785370349884,1, True,-0.889204204082489
708,0.990857720375061,0, True,-0.8758292198181152
709,2.2312064170837402,0, True,-1.0260629653930664
710,2.1626064777374268,0, True,-1.014988899230957
711,1.162528157234192,0, True,-0.7803407907485962
712,1.0521392822265625,0, True,-0.8629465103149414
713,1.0797741413116455,0, True,-0.8949270844459534
714,1.4342024326324463,0, True,-0.6391927599906921
715,2.0847933292388916,0, True,-0.692747950553894
716,1.9894177913665771,0, True,-0.7863776683807373
717,2.265831470489502,0, True,-0.5590648055076599
718,0.41247597336769104,1, True,-0.5840787887573242
719,2.19028639793396,0, True,-0.7125053405761719
720,1.4833539724349976,0, True,-0.5651923418045044
721,1.447120189666748,0, True,-0.6259582042694092
722,0.4210977852344513,1, True,-0.8309202194213867
723,2.615440845489502,0, True,-0.6345468163490295
724,2.5459229946136475,0, True,-0.7109814882278442
725,2.325737714767456,0, True,-0.8625743985176086
726,1.330389380455017,0, True,-0.368586927652359
727,3.2193679809570312,0, True,-0.48595577478408813
728,1.2236056327819824,0, True,-0.5994033813476562
729,1.2579363584518433,0, True,-0.5456516742706299
730,1.2762616872787476,0, True,-0.6712734699249268
731,0.48243919014930725,1, True,-0.7491681575775146
732,1.2506563663482666,0, True,-0.5611642599105835
733,1.1447556018829346,0, True,-0.6571870446205139
734,0.4526481330394745,1, True,-0.8407753705978394
735,3.4456324577331543,0, True,-0.5302148461341858
736,3.343008518218994,0, True,-0.5980308651924133
737,2.934062957763672,0, True,-0.7755995988845825
738,1.380484938621521,0, True,-0.7424756288528442
739,1.453244686126709,0, True,-1.1009941101074219
740,0.364160418510437,1, True,-1.1318644285202026
741,2.7783584594726562,0, True,-0.8185380697250366
742,2.3365564346313477,0, True,-1.1713672876358032
743,2.4458680152893066,0, True,-1.2627394199371338
744,1.6865246295928955,0, True,-0.8967564105987549
745,1.7095749378204346,0, True,-1.1081345081329346
746,0.286227822303772,1, True,-1.15566086769104
747,1.197839617729187,0, True,-0.8786717653274536
748,1.1780985593795776,0, True,-1.075114369392395
749,0.48813116550445557,1, True,-1.0028778314590454
750,2.702751398086548,0, True,-0.9080936908721924
751,0.5163390040397644,1, True,-1.135955572128296
752,2.5778751373291016,0, True,-1.0066245794296265
753,1.0100382566452026,0, True,-0.8259929418563843
754,2.6511473655700684,0, True,-1.0300545692443848
755,2.7103567123413086,0, True,-0.934240460395813
756,3.3387982845306396,0, True,-0.5813332796096802
757,0.28839656710624695,1, True,-0.5886292457580566
758,3.317643642425537,0, True,-0.6938902139663696
759,3.53579044342041,0, True,-0.5570857524871826
760,1.678017497062683,0, True,-0.6382766962051392
761,3.442410707473755,0, True,-0.7683455348014832
762,3.2558648586273193,0, True,-0.5102462768554688
763,3.43619441986084,0, True,-0.5887957215309143
764,3.129328489303589,0, True,-0.7026769518852234
765,2.8771471977233887,0, True,-0.9864219427108765
766,2.792290687561035,0, True,-1.610808253288269
767,3.109456777572632,0, True,-1.5226447582244873
768,3.237579584121704,0, True,-0.6915299296379089
769,2.9572317600250244,0, True,-1.0549275875091553
770,3.1054325103759766,0, True,-1.0241408348083496
771,3.035379409790039,0, True,-0.84543776512146
772,0.9018023610115051,0, True,-1.5160884857177734
773,2.937626361846924,0, True,-1.3858366012573242
774,3.198237895965576,0, True,-1.0646650791168213
775,0.955104649066925,0, True,-1.277045488357544
776,2.6930365562438965,0, True,-1.3223671913146973
777,2.788541078567505,0, True,-0.8699013590812683
778,2.6206986904144287,0, True,-1.0576815605163574
779,2.379103660583496,0, True,-1.0607069730758667
780,1.3110394477844238,0, True,-0.7734194397926331
781,1.3851745128631592,0, True,-0.9589959979057312
782,0.3316228985786438,1, True,-1.1537717580795288
783,2.2745883464813232,0, True,-1.227733850479126
784,2.328636407852173,0, True,-1.676035761833191
785,1.9710559844970703,0, True,-1.8741693496704102
786,1.5759730339050293,0, False,-1.3891019821166992
787,1.6586881875991821,0, True,-1.7472232580184937
788,1.4366873502731323,0, True,-1.7801316976547241
789,1.1661427021026611,0, True,-1.507110357284546
790,1.4582297801971436,0, True,-1.923363208770752
791,0.5858452320098877,1, True,-2.1198127269744873
792,1.5987839698791504,0, True,-0.8336639404296875
793,1.5732924938201904,0, True,-1.2341744899749756
794,2.564661979675293,0, True,-1.3415265083312988
795,3.4000279903411865,0, True,-0.5620675086975098
796,0.37988999485969543,1, True,-0.6460208892822266
797,3.043860912322998,0, True,-0.7042643427848816
798,1.6927268505096436,0, True,-0.5641822218894958
799,1.6716177463531494,0, True,-0.6857656240463257
800,0.28357821702957153,1, True,-0.709057629108429
801,1.2649201154708862,0, True,-0.5953625440597534
802,3.363334894180298,0, True,-0.5630344748497009
803,3.013465166091919,0, True,-0.653914213180542
804,3.282388687133789,0, True,-0.5329601764678955
805,3.456610918045044,0, True,-0.48611974716186523
806,3.2917041778564453,0, True,-0.5098100900650024
807,3.2157578468322754,0, True,-0.3789888322353363
808,1.4409751892089844,0, True,-0.436271607875824
809,1.4348580837249756,0, True,-0.4677165746688843
810,2.6987385749816895,0, True,-0.7271163463592529
811,1.297987937927246,0, True,-0.8481135368347168
812,2.5206892490386963,0, True,-0.8495547771453857
813,3.016680955886841,0, True,-0.5196483135223389
814,2.748870372772217,0, True,-0.5996330976486206
815,2.8225159645080566,0, True,-0.617203414440155
816,2.747105360031128,0, True,-0.6000672578811646
817,2.6579129695892334,0, True,-0.6337926387786865
818,2.7594079971313477,0, True,-0.6358085870742798
819,1.3612204790115356,0, True,-0.677437424659729
820,1.2777621746063232,0, True,-0.651879072189331
821,2.566865921020508,0, True,-0.763076901435852
822,2.277344226837158,0, True,-0.7779327034950256
823,2.6462197303771973,0, True,-0.7180666327476501
824,2.3019204139709473,0, True,-0.8467353582382202
825,3.0305914878845215,0, True,-0.5944327712059021
826,2.8469061851501465,0, True,-0.6453866958618164
827,2.514643907546997,0, True,-0.782572865486145
828,3.069399118423462,0, True,-0.585598886013031
829,0.3951704800128937,1, True,-0.6959941387176514
830,2.845820903778076,0, True,-0.6917328834533691
831,3.357675552368164,0, True,-0.47717320919036865
832,3.1516103744506836,0, True,-0.5500437021255493
833,3.184767246246338,0, True,-0.5814258456230164
834,0.3250483572483063,1, True,-0.6196818351745605
835,1.552588939666748,0, True,-0.7078472375869751
836,1.5097250938415527,0, True,-0.7427466511726379
837,3.061007022857666,0, True,-0.5532079935073853
838,3.068420171737671,0, True,-0.6629949808120728
839,2.946239948272705,0, True,-0.7520896196365356
840,1.1646384000778198,0, True,-0.5788836479187012
841,1.1897021532058716,0, True,-0.7229260206222534
842,0.4435866177082062,1, True,-0.7940547466278076
843,1.2564444541931152,0, True,-0.5495598316192627
844,3.0897376537323,0, True,-0.5722994804382324
845,2.9590327739715576,0, True,-0.7006207704544067
846,0.8395657539367676,0, True,-0.7263393402099609
847,0.8561283349990845,0, True,-0.838798999786377
848,0.7006159424781799,1, True,-0.8352475762367249
849,2.4965999126434326,0, False,-0.7797374129295349
850,2.321774482727051,0, True,-0.9205808043479919
851,2.3062047958374023,0, True,-0.8941087126731873
852,0.675960898399353,1, False,-0.7171390056610107
853,0.6656697988510132,1, False,-0.869361162185669
854,2.6687021255493164,0, False,-0.859039306640625
855,2.4273946285247803,0, True,-1.4287617206573486
856,2.397446632385254,0, True,-2.1253256797790527
857,2.361685276031494,0, True,-2.2135403156280518
858,0.843260645866394,0, True,-1.7806302309036255
859,0.9245635867118835,0, True,-2.2389914989471436
860,0.7755981087684631,1, True,-2.2915966510772705
861,2.052855968475342,0, True,-1.6721620559692383
862,2.1830954551696777,0, True,-1.7944493293762207
863,1.979953646659851,0, False,-1.9192047119140625
864,2.3453369140625,0, True,-0.9509284496307373
865,2.3319122791290283,0, True,-1.0599427223205566
866,2.3292369842529297,0, True,-1.0954723358154297
867,2.7928504943847656,0, True,-0.7622294425964355
868,2.707163095474243,0, True,-0.8356860876083374
869,2.7786266803741455,0, True,-0.8587395548820496
870,1.3703237771987915,0, True,-0.9579766988754272
871,1.4276421070098877,0, True,-1.0530881881713867
872,0.480593204498291,1, True,-1.0312167406082153
873,1.2082061767578125,0, True,-0.8553323745727539
874,1.2425122261047363,0, True,-0.9946780800819397
875,0.4648849666118622,1, True,-1.0750384330749512
876,2.7412703037261963,0, True,-0.7693609595298767
877,2.6702418327331543,0, True,-0.8904643058776855
878,2.5813889503479004,0, True,-0.9514288902282715
879,1.1631137132644653,0, True,-0.6410338878631592
880,1.1913495063781738,0, True,-0.7876797318458557
881,2.91365647315979,0, True,-0.837020218372345
882,1.2478011846542358,0, True,-0.6145355701446533
883,2.5632729530334473,0, True,-0.8062578439712524
884,0.44455862045288086,1, True,-0.8101379871368408
885,2.683967113494873,0, True,-0.6339956521987915
886,0.45228320360183716,1, True,-0.7618226408958435
887,2.3386802673339844,0, True,-0.7969528436660767
888,0.4377118647098541,1, True,-0.8116042613983154
889,1.46371591091156,0, True,-1.026387333869934
890,1.3768582344055176,0, True,-1.0693950653076172
891,2.7572500705718994,0, True,-0.945542573928833
892,0.4692784249782562,1, True,-1.07649564743042
893,2.715034008026123,0, True,-1.156487226486206
894,2.2739219665527344,0, True,-0.6624403595924377
895,2.6339664459228516,0, True,-0.653465211391449
896,2.4065239429473877,0, True,-0.7567906379699707
897,1.970698595046997,0, True,-0.7653542160987854
898,1.7270162105560303,0, True,-0.9144476056098938
899,1.811173915863037,0, True,-0.8335204124450684
900,3.1147658824920654,0, True,-0.5423800349235535
901,3.1002721786499023,0, True,-0.7145954370498657
902,2.728224277496338,0, True,-0.8452093601226807
903,2.677993059158325,0, True,-0.6580040454864502
904,0.5450327396392822,1, True,-0.7787976264953613
905,2.4892401695251465,0, True,-0.7699894309043884
906,0.44620874524116516,1, True,-0.5930273532867432
907,1.3287769556045532,0, True,-0.7245873212814331
908,1.2978204488754272,0, True,-0.8208948373794556
909,2.3774843215942383,0, True,-0.8018531799316406
910,2.2263259887695312,0, True,-0.9605813026428223
911,2.0868000984191895,0, True,-1.1147751808166504
912,2.935267925262451,0, True,-0.5883740186691284
913,2.73701548576355,0, True,-0.8103333115577698
914,2.557004451751709,0, True,-0.877620279788971
915,2.3441720008850098,0, True,-0.7402663826942444
916,1.12424898147583,0, True,-0.8764503002166748
917,2.142314910888672,0, True,-1.072522521018982
918,3.2634825706481934,0, True,-0.5324244499206543
919,0.37940362095832825,1, True,-0.5398650169372559
920,2.7352242469787598,0, True,-0.6460486650466919
921,3.3362224102020264,0, True,-0.5078927278518677
922,1.4307749271392822,0, True,-0.5555683374404907
923,3.055243968963623,0, True,-0.7096298933029175
924,3.59360671043396,0, True,-0.48815616965293884
925,3.8216347694396973,0, True,-0.5287176370620728
926,3.3028151988983154,0, True,-0.7100708484649658
927,3.1903798580169678,0, True,-0.6203842163085938
928,3.1173384189605713,0, True,-0.7966565489768982
929,2.7152726650238037,0, True,-0.9303420782089233
930,1.1425707340240479,0, True,-0.7616716027259827
931,1.1278510093688965,0, True,-0.943629264831543
932,2.4243288040161133,0, True,-1.0601050853729248
933,2.737750291824341,0, True,-0.7908729314804077
934,0.45308735966682434,1, True,-0.9483057260513306
935,2.4585142135620117,0, True,-1.0541051626205444
936,1.1921336650848389,0, True,-0.6296289563179016
937,3.4605047702789307,0, True,-0.7543100118637085
938,3.1575489044189453,0, True,-0.7669700384140015
939,2.513300895690918,0, True,-0.710496187210083
940,0.423994243144989,1, True,-0.84327632188797
941,2.3001861572265625,0, True,-0.8249481916427612
942,3.089383363723755,0, True,-0.6539236903190613
943,1.3879988193511963,0, True,-0.938676655292511
944,2.6607842445373535,0, True,-0.9632363319396973
945,2.9165682792663574,0, True,-0.6257601976394653
946,2.62743878364563,0, True,-0.7982903718948364
947,2.582688331604004,0, True,-0.856112003326416
948,1.2495479583740234,0, True,-0.574553906917572
949,0.4608791470527649,1, True,-0.7650973200798035
950,0.49689483642578125,1, True,-0.8512759208679199
951,0.4071030616760254,1, True,-0.4861045479774475
952,1.2180030345916748,0, True,-0.5815021991729736
953,1.1603388786315918,0, True,-0.6769033670425415
954,2.8034610748291016,0, True,-0.6807223558425903
955,1.2805379629135132,0, True,-0.7074651718139648
956,0.4828677773475647,1, True,-0.9826684594154358
957,3.248767137527466,0, True,-0.6084661483764648
958,3.019972801208496,0, True,-0.7133422493934631
959,2.733064651489258,0, True,-0.8819740414619446
960,3.3023619651794434,0, True,-0.5192798972129822
961,3.3994197845458984,0, True,-0.5180338621139526
962,3.0086417198181152,0, True,-0.7230592966079712
963,0.8501633405685425,0, True,-0.6490942239761353
964,3.1383183002471924,0, True,-0.8124905228614807
965,2.882749319076538,0, True,-0.9256792068481445
966,1.5094754695892334,0, False,-1.5543105602264404
967,0.9543706178665161,0, False,-1.9353548288345337
968,1.2919528484344482,0, False,-2.046590566635132
969,0.8997441530227661,0, True,-0.7360292673110962
970,0.9045989513397217,0, True,-1.0231835842132568
971,0.6704354882240295,1, True,-1.0809218883514404
972,2.642599105834961,0, True,-0.7883754968643188
973,1.1217881441116333,0, True,-0.875252366065979
974,2.4981014728546143,0, True,-1.0517833232879639
975,2.530015468597412,0, True,-0.8519745469093323
976,2.741621971130371,0, True,-0.8650729656219482
977,2.3166663646698,0, True,-1.046339511871338
978,2.5950684547424316,0, True,-0.8090526461601257
979,0.4957805871963501,1, True,-0.865849494934082
980,2.464501142501831,0, True,-1.0921704769134521
981,2.8139853477478027,0, True,-0.7725037336349487
982,0.41248252987861633,1, True,-0.896797776222229
983,2.6746392250061035,0, True,-0.9214115142822266
984,2.234219551086426,0, True,-0.8339637517929077
985,2.0567047595977783,0, True,-1.096240758895874
986,1.9564487934112549,0, True,-1.1173551082611084
987,2.8434970378875732,0, True,-0.773518443107605
988,1.199843406677246,0, True,-0.9323251843452454
989,2.701422691345215,0, True,-0.9571129083633423
990,0.9397397637367249,0, True,-0.6065487265586853
991,3.0203535556793213,0, True,-0.7900640368461609
992,2.869446039199829,0, True,-0.874707043170929
993,1.110085368156433,0, True,-0.7786083221435547
994,1.099850058555603,0, True,-0.9392274618148804
995,0.5272882580757141,1, True,-1.0113470554351807
996,0.5374146699905396,1, True,-0.6309524178504944
997,2.8511719703674316,0, True,-0.8172082304954529
998,2.651287078857422,0, True,-0.8966132998466492
999,2.5143861770629883,0, True,-0.7872821092605591
1000,0.5803611278533936,1, True,-1.0037665367126465
1001,2.2923710346221924,0, True,-1.1282765865325928
1002,3.0508947372436523,0, True,-0.8530716896057129
1003,2.5313260555267334,0, True,-1.5077736377716064
1004,2.3027892112731934,0, True,-1.6618258953094482
1005,1.0605535507202148,0, True,-0.8053752779960632
1006,1.0858196020126343,0, True,-0.870284914970398
1007,0.5809487700462341,1, True,-0.9984497427940369
1008,2.8641180992126465,0, True,-0.7843761444091797
1009,2.8852481842041016,0, True,-0.8866761922836304
1010,2.737668991088867,0, True,-0.9689464569091797
1011,1.0535683631896973,0, True,-1.0390548706054688
1012,1.1740963459014893,0, True,-1.3369042873382568
1013,0.6237912178039551,1, True,-1.4960947036743164
1014,2.979069709777832,0, True,-0.5916478633880615
1015,0.2774256765842438,1, True,-0.737634539604187
1016,2.7304420471191406,0, True,-0.7708717584609985
1017,1.6333096027374268,0, True,-0.5342824459075928
1018,1.7813199758529663,0, True,-0.6067121624946594
1019,0.2876066267490387,1, True,-0.6704583168029785
1020,2.6806325912475586,0, True,-0.6897518634796143
1021,0.9100876450538635,0, True,-0.947294294834137
1022,0.8812686204910278,0, True,-0.978164792060852
1023,2.873631238937378,0, True,-0.586733341217041
1024,0.6853314638137817,1, True,-0.8533474206924438
1025,2.472055435180664,0, True,-0.8770647048950195
1026,2.488866090774536,0, True,-0.8667442798614502
1027,2.4125118255615234,0, True,-1.0407670736312866
1028,2.1399788856506348,0, True,-1.1891496181488037
1029,2.8530521392822266,0, True,-0.7068352699279785
1030,1.3771307468414307,0, True,-0.8674771785736084
1031,2.5674338340759277,0, True,-0.9519869089126587
1032,2.8229801654815674,0, True,-0.6709131598472595
1033,2.594291925430298,0, True,-0.81088787317276
1034,2.3724734783172607,0, True,-0.9559677839279175
1035,1.0924687385559082,0, True,-0.5862478017807007
1036,0.9991722106933594,0, True,-0.6698347330093384
1037,0.5521433353424072,1, True,-0.8034669160842896
1038,0.970512866973877,0, True,-0.5674804449081421
1039,0.876322329044342,0, True,-0.7127994894981384
1040,0.6212002635002136,1, True,-0.8240301609039307
1041,2.818539619445801,0, True,-0.5226467847824097
1042,2.472175359725952,0, True,-0.621412456035614
1043,2.5126447677612305,0, True,-0.6478818655014038
1044,2.630572557449341,0, True,-0.6071984767913818
1045,0.498842716217041,1, True,-0.7039228677749634
1046,2.1017088890075684,0, True,-0.9147018194198608
1047,2.269120931625366,0, True,-0.7049355506896973
1048,1.4236863851547241,0, True,-0.7449570894241333
1049,2.0425572395324707,0, True,-0.9389430284500122
1050,2.954578161239624,0, True,-0.6784865856170654
1051,0.42097485065460205,1, True,-0.9955916404724121
1052,2.4568159580230713,0, True,-0.9451737999916077
1053,1.6622387170791626,0, True,-0.8048714399337769
1054,1.6822209358215332,0, True,-0.9978365898132324
1055,0.3923738896846771,1, True,-1.0095356702804565
1056,1.9807982444763184,0, True,-1.008638858795166
1057,1.5823993682861328,0, True,-1.2717106342315674
1058,1.7231483459472656,0, True,-1.1956286430358887
1059,2.525191307067871,0, True,-0.8434500098228455
1060,0.9945159554481506,0, True,-0.9932221174240112
1061,2.0688529014587402,0, True,-1.1563100814819336
1062,0.8315457701683044,0, True,-0.8688792586326599
1063,0.8669567704200745,0, True,-1.0656545162200928
1064,0.6878965497016907,1, True,-1.1238164901733398
1065,2.9243626594543457,0, True,-0.6662362217903137
1066,0.6664232015609741,1, True,-0.7753329277038574
1067,2.5546116828918457,0, True,-0.896732747554779
1068,2.6843881607055664,0, True,-0.5992333889007568
1069,2.761152505874634,0, True,-0.6606733798980713
1070,2.644735336303711,0, True,-0.7535927891731262
1071,1.210647702217102,0, True,-0.6412035226821899
1072,2.4501945972442627,0, True,-0.7000181078910828
1073,2.4564080238342285,0, True,-0.7459226250648499
1074,2.975238800048828,0, True,-0.7241764068603516
1075,1.4154934883117676,0, True,-0.7225937247276306
1076,2.7427687644958496,0, True,-0.9006539583206177
1077,1.2914022207260132,0, True,-1.6543147563934326
1078,1.1196811199188232,0, True,-2.3698837757110596
1079,2.430586099624634,0, True,-2.5147883892059326
1080,0.8410247564315796,0, True,-1.6787210702896118
1081,0.8353367447853088,0, True,-2.2900171279907227
1082,2.2284491062164307,0, True,-2.5434367656707764
1083,2.0663156509399414,0, True,-1.1753803491592407
1084,2.03959321975708,0, True,-1.5095547437667847
1085,1.979660153388977,0, True,-1.7821272611618042
1086,2.0290918350219727,0, True,-2.030942916870117
1087,2.014408588409424,0, True,-2.6089859008789062
1088,2.0270683765411377,0, True,-2.4043471813201904
1089,3.6818294525146484,0, True,-1.5151031017303467
1090,1.7092480659484863,0, True,-2.330458641052246
1091,2.4792840480804443,0, True,-2.4037392139434814
1092,1.4909248352050781,0, True,-1.7408061027526855
1093,1.512683391571045,0, True,-2.2312560081481934
1094,1.5134021043777466,0, True,-2.1893470287323
1095,1.356367826461792,0, False,-1.5620200634002686
1096,0.9670882821083069,0, False,-2.0664281845092773
1097,1.4744852781295776,0, False,-2.2102456092834473
1098,2.575802803039551,0, True,-1.9287924766540527
1099,1.27496337890625,0, True,-2.2396912574768066
1100,2.8152379989624023,0, True,-2.727168560028076
1101,1.877357006072998,0, True,-1.3741998672485352
1102,2.2740378379821777,0, True,-1.5974843502044678
1103,1.957594871520996,0, True,-1.7635078430175781
1104,1.2165533304214478,0, True,-0.6804846525192261
1105,1.3152306079864502,0, True,-0.76497483253479
1106,0.4735511243343353,1, True,-0.9595056772232056
1107,1.227036952972412,0, True,-0.7361582517623901
1108,2.5887303352355957,0, True,-0.7666465640068054
1109,2.360464096069336,0, True,-0.880386471748352
1110,2.9055237770080566,0, True,-0.7352799773216248
1111,0.46327367424964905,1, True,-0.7887197732925415
1112,2.5780317783355713,0, True,-0.9321467876434326
1113,3.031926155090332,0, True,-0.5895894765853882
1114,3.1160569190979004,0, True,-0.5734736323356628
1115,2.947446584701538,0, True,-0.7101143598556519
1116,2.5845608711242676,0, True,-0.6534993648529053
1117,1.1978464126586914,0, True,-0.6958057880401611
1118,2.4802422523498535,0, True,-0.8848570585250854
1119,3.2878847122192383,0, True,-0.604942798614502
1120,3.3706541061401367,0, True,-0.569666862487793
1121,2.694589853286743,0, True,-0.9593724608421326
1122,2.582904815673828,0, True,-1.9551444053649902
1123,1.1878423690795898,0, True,-2.68241024017334
1124,2.550370454788208,0, True,-2.764338731765747
1125,2.515310049057007,0, True,-2.2397634983062744
1126,0.35135096311569214,1, True,-3.01352858543396
1127,2.8156611919403076,0, True,-3.0280685424804688
1128,1.1026241779327393,0, True,-1.9346354007720947
1129,1.9899344444274902,0, True,-2.689979076385498
1130,1.7482280731201172,0, True,-2.7431631088256836
1131,2.422001600265503,0, True,-0.7532955408096313
1132,2.3468027114868164,0, True,-0.7869837284088135
1133,2.1705174446105957,0, True,-1.0243428945541382
1134,2.9604053497314453,0, True,-0.6978980302810669
1135,0.5175588726997375,1, True,-0.8361981511116028
1136,2.5884511470794678,0, True,-0.9964617490768433
1137,2.407451629638672,0, True,-1.4013657569885254
1138,2.632941722869873,0, True,-1.6929888725280762
1139,1.921112298965454,0, True,-2.3459980487823486
1140,3.293309450149536,0, True,-0.43838873505592346
1141,3.4815242290496826,0, True,-0.4958439767360687
1142,3.1303904056549072,0, True,-0.6121095418930054
1143,2.2307448387145996,0, True,-0.8199202418327332
1144,2.3429698944091797,0, True,-0.8209370374679565
1145,2.1182146072387695,0, True,-0.975184440612793
1146,1.1662617921829224,0, True,-0.6689001321792603
1147,1.1581380367279053,0, True,-0.6567565202713013
1148,2.7229719161987305,0, True,-0.8133970499038696
1149,2.49307918548584,0, True,-2.1953306198120117
1150,2.2078962326049805,0, True,-3.7468395233154297
1151,2.05915904045105,0, True,-3.2228386402130127
1152,2.1182942390441895,0, True,-1.8736605644226074
1153,2.6021149158477783,0, True,-2.5564005374908447
1154,2.19176983833313,0, True,-2.426861524581909
1155,1.2964112758636475,0, True,-2.5388503074645996
1156,1.2675490379333496,0, True,-3.3334908485412598
1157,0.41614481806755066,1, True,-3.182612419128418
1158,2.7265870571136475,0, True,-0.7282261252403259
1159,0.4826655089855194,1, True,-0.8639477491378784
1160,2.375452995300293,0, True,-0.9557188749313354
1161,2.9087629318237305,0, True,-0.6620020866394043
1162,2.962508201599121,0, True,-0.7407162189483643
1163,2.672924518585205,0, True,-0.8389647006988525
1164,2.218846559524536,0, True,-0.9756157398223877
1165,1.2637693881988525,0, True,-1.06992506980896
1166,2.0680465698242188,0, True,-1.1531975269317627
1167,1.3076034784317017,0, True,-0.8996244668960571
1168,1.2861769199371338,0, True,-1.165776014328003
1169,2.7877485752105713,0, True,-1.4761321544647217
1170,2.675443410873413,0, True,-0.9012649655342102
1171,2.747523069381714,0, True,-1.0019512176513672
1172,2.5148391723632812,0, True,-1.2066302299499512
1173,2.3593881130218506,0, True,-0.9092636108398438
1174,0.5884019732475281,1, True,-0.9490798115730286
1175,2.3386192321777344,0, True,-1.1458475589752197
1176,2.1898412704467773,0, True,-0.9927073121070862
1177,2.4073565006256104,0, True,-1.0440700054168701
1178,2.29685378074646,0, True,-1.1043226718902588
1179,3.3435909748077393,0, True,-0.5891265273094177
1180,0.3590298891067505,1, True,-0.7537596225738525
1181,3.086414337158203,0, True,-0.8015788793563843
1182,2.711522102355957,0, True,-0.652557909488678
1183,2.763094425201416,0, True,-0.7939554452896118
1184,2.509613037109375,0, True,-0.8003829717636108
1185,2.637244701385498,0, True,-0.6699958443641663
1186,0.5033587217330933,1, True,-0.8123353719711304
1187,2.505443811416626,0, True,-0.986219584941864
1188,2.6806647777557373,0, True,-0.6049991250038147
1189,1.0394248962402344,0, True,-0.6904050707817078
1190,2.6196794509887695,0, True,-0.7876721620559692
1191,2.0997114181518555,0, True,-0.8132799863815308
1192,1.4831976890563965,0, True,-1.0156900882720947
1193,1.701527714729309,0, True,-1.2538448572158813
1194,2.4558701515197754,0, True,-0.7853027582168579
1195,2.1200733184814453,0, True,-1.1396242380142212
1196,2.117699146270752,0, True,-1.1320788860321045
1197,1.1956857442855835,0, True,-1.566750168800354
1198,2.878466844558716,0, True,-2.2871053218841553
1199,2.690412998199463,0, True,-2.4811577796936035
1200,0.4360678195953369,1, True,-0.6308339834213257
1201,1.2582389116287231,0, True,-0.7276543378829956
1202,1.2555077075958252,0, True,-0.8808341026306152
1203,3.363598346710205,0, True,-0.7818354964256287
1204,1.293568730354309,0, True,-1.059806227684021
1205,3.0917868614196777,0, True,-1.019951343536377
1206,3.272458076477051,0, True,-0.5255997180938721
1207,0.5616150498390198,1, True,-0.6726537346839905
1208,3.1178436279296875,0, True,-0.6615647077560425
1209,1.641663670539856,0, True,-1.9241734743118286
1210,1.4287406206130981,0, True,-2.695662021636963
1211,1.4480268955230713,0, True,-2.987755537033081
1212,2.142122507095337,0, True,-1.542145013809204
1213,2.8250362873077393,0, True,-1.8989574909210205
1214,2.318549633026123,0, True,-2.4822463989257812
1215,1.6918836832046509,0, True,-1.3577631711959839
1216,1.7714722156524658,0, True,-1.6388378143310547
1217,1.64070725440979,0, True,-1.85115647315979
1218,3.1774277687072754,0, True,-0.6278021335601807
1219,0.5208436250686646,1, True,-0.7199274301528931
1220,2.8156158924102783,0, True,-0.7788302302360535
1221,0.8662551045417786,0, True,-0.6563772559165955
1222,0.9309127330780029,0, True,-0.9081194996833801
1223,0.5733950734138489,1, True,-0.9046607613563538
1224,0.9233677387237549,0, True,-0.5489137172698975
1225,3.5465214252471924,0, True,-0.6409062147140503
1226,3.190335273742676,0, True,-0.7393043637275696
1227,1.0786492824554443,0, True,-0.7930945754051208
1228,2.6393356323242188,0, True,-1.033664584159851
1229,2.519181251525879,0, True,-1.1388146877288818
1230,3.0352067947387695,0, True,-0.5297237634658813
1231,2.757469654083252,0, True,-0.654824435710907
1232,2.70286226272583,0, True,-0.6463674902915955
1233,1.0559568405151367,0, True,-0.9847952723503113
1234,1.1270596981048584,0, True,-1.1856858730316162
1235,0.5688650608062744,1, True,-1.2704641819000244
1236,1.1249439716339111,0, True,-0.49437379837036133
1237,2.8607301712036133,0, True,-0.6604815721511841
1238,0.46400561928749084,1, True,-0.6847717761993408
1239,1.2769060134887695,0, True,-1.1057534217834473
1240,1.1478195190429688,0, True,-1.6166775226593018
1241,0.4436130225658417,1, True,-1.8119316101074219
1242,2.0838818550109863,0, True,-1.0172386169433594
1243,2.119757652282715,0, True,-1.3589121103286743
1244,0.1835031509399414,1, True,-1.7195978164672852
1245,2.8007471561431885,0, True,-0.6170287132263184
1246,2.8207781314849854,0, True,-0.7473131418228149
1247,2.492708444595337,0, True,-0.9075123071670532
1248,1.937408208847046,0, True,-1.4743306636810303
1249,0.6337769031524658,1, True,-2.007963180541992
1250,2.3635830879211426,0, True,-2.3142333030700684
1251,1.6922118663787842,0, True,-1.497105360031128
1252,0.9986066222190857,0, True,-2.0523838996887207
1253,2.2600343227386475,0, True,-2.43235445022583
1254,0.8329025506973267,1, False,-1.7990778684616089
1255,2.0145423412323,0, True,-2.486321210861206
1256,2.088034152984619,0, True,-2.6195411682128906
1257,1.5920038223266602,0, False,-1.7852084636688232
1258,0.7642185688018799,1, True,-2.372148275375366
1259,1.9538222551345825,0, True,-2.532040596008301
1260,0.9413547515869141,0, True,-1.844151496887207
1261,1.0504475831985474,0, True,-2.5409045219421387
1262,0.6410863995552063,1, True,-2.6233150959014893
1263,3.2662534713745117,0, True,-0.5878630876541138
1264,0.4603699743747711,1, True,-0.6437587738037109
1265,2.8318350315093994,0, True,-0.9124534726142883
1266,2.9001240730285645,0, True,-0.6825186014175415
1267,0.4758540391921997,1, True,-0.7932181358337402
1268,2.5749053955078125,0, True,-1.0325496196746826
1269,0.4734058082103729,1, True,-0.6811909675598145
1270,1.1115659475326538,0, True,-0.7974839210510254
1271,1.0463483333587646,0, True,-1.0406315326690674
1272,2.967271327972412,0, True,-0.491858571767807
1273,1.4144368171691895,0, True,-0.6277430057525635
1274,2.6122100353240967,0, True,-0.7254139184951782
1275,2.9466707706451416,0, True,-0.7703912258148193
1276,1.6200459003448486,0, True,-0.9804036021232605
1277,2.468393087387085,0, True,-1.104907751083374
1278,1.1136950254440308,0, True,-1.1068793535232544
1279,1.1124908924102783,0, True,-1.2871878147125244
1280,0.649447500705719,1, True,-1.3419113159179688
1281,1.0827425718307495,0, True,-0.5839667320251465
1282,1.0644972324371338,0, True,-0.9215829372406006
1283,0.5647371411323547,1, True,-1.077376127243042
1284,2.6441240310668945,0, True,-0.8463824987411499
1285,0.4537992477416992,1, True,-1.089194655418396
1286,2.304842710494995,0, True,-1.2212743759155273
1287,2.653423309326172,0, True,-0.9157500267028809
1288,2.4646949768066406,0, True,-1.1740102767944336
1289,2.4644036293029785,0, True,-1.3413493633270264
1290,2.7997190952301025,0, True,-0.8358156085014343
1291,1.2168266773223877,0, True,-1.0210397243499756
1292,0.5152475237846375,1, True,-1.2260265350341797
1293,1.171435832977295,0, True,-0.7559728622436523
1294,0.4317038059234619,1, True,-0.9065299034118652
1295,0.49276602268218994,1, True,-1.0229254961013794
1296,0.47243383526802063,1, True,-0.7129219770431519
1297,1.1939793825149536,0, True,-0.8134900331497192
1298,1.1264065504074097,0, True,-0.9427975416183472
1299,2.584758758544922,0, True,-0.8540284037590027
1300,2.4398205280303955,0, True,-1.046522855758667
1301,2.3708932399749756,0, True,-1.1662516593933105
1302,1.5503575801849365,0, True,-0.8458917140960693
1303,1.458066701889038,0, True,-1.2562074661254883
1304,0.3938075006008148,1, True,-1.3851597309112549
1305,2.4385547637939453,0, True,-0.7715500593185425
1306,0.42883312702178955,1, True,-0.9412389993667603
1307,2.2649989128112793,0, True,-1.0391348600387573
1308,1.1221704483032227,0, True,-0.7136675119400024
1309,2.4142942428588867,0, True,-0.8671842217445374
1310,2.154057025909424,0, True,-1.0140796899795532
1311,2.7221412658691406,0, True,-0.7128660082817078
1312,2.7756967544555664,0, True,-0.7400674223899841
1313,2.3143365383148193,0, True,-0.925780713558197
1314,1.194454550743103,0, True,-0.8229933977127075
1315,1.3446133136749268,0, True,-0.9617703557014465
1316,0.5508124828338623,1, True,-1.1051517724990845
1317,2.3903064727783203,0, True,-0.6907676458358765
1318,1.5381605625152588,0, True,-0.7506372928619385
1319,2.3371546268463135,0, True,-0.9133745431900024
1320,2.4658048152923584,0, True,-0.6826331615447998
1321,2.2624053955078125,0, True,-0.8552258014678955
1322,2.1435155868530273,0, True,-0.9480124115943909
1323,2.822754144668579,0, True,-0.6845594048500061
1324,1.22891104221344,0, True,-1.0015290975570679
1325,2.3907368183135986,0, True,-1.0885741710662842
1326,3.0377097129821777,0, True,-0.5874924063682556
1327,0.5113496780395508,1, True,-0.6728904247283936
1328,2.827744960784912,0, True,-0.7247687578201294
1329,1.0679333209991455,0, True,-0.47612813115119934
1330,3.1022801399230957,0, True,-0.5590932965278625
1331,2.9004099369049072,0, True,-0.6276735663414001
1332,3.157719373703003,0, True,-0.44199657440185547
1333,1.106368899345398,0, True,-0.5146583318710327
1334,2.828986406326294,0, True,-0.5847581028938293
1335,2.847532033920288,0, True,-0.7114815711975098
1336,0.5527657866477966,1, True,-0.8485119938850403
1337,2.7286529541015625,0, True,-0.9071353673934937
1338,1.2340078353881836,0, True,-0.48201900720596313
1339,3.2191720008850098,0, True,-0.622445821762085
1340,3.163259983062744,0, True,-0.7475484609603882
1341,3.0352931022644043,0, True,-0.5902503132820129
1342,0.8999022245407104,0, True,-0.8051952123641968
1343,3.003746509552002,0, True,-0.794306218624115
1344,2.7750518321990967,0, True,-0.6807042360305786
1345,0.47338131070137024,1, True,-0.6929796934127808
1346,2.769486904144287,0, True,-0.7794201970100403
1347,3.217088222503662,0, True,-0.45844393968582153
1348,0.9232302904129028,0, True,-0.5942682027816772
1349,2.9616241455078125,0, True,-0.7036117911338806
1350,3.163585662841797,0, True,-0.5645561218261719
1351,3.1240100860595703,0, True,-0.6719967722892761
1352,2.9152379035949707,0, True,-0.7402956485748291
1353,0.7976545095443726,0, True,-0.8945389986038208
1354,2.674426794052124,0, False,-1.0817475318908691
1355,2.5383527278900146,0, False,-1.2400624752044678
1356,2.6026840209960938,0, True,-0.7895039916038513
1357,2.399386405944824,0, True,-0.8732429146766663
1358,2.1315741539001465,0, True,-1.0333325862884521
1359,3.139155387878418,0, True,-0.792009711265564
1360,3.2241716384887695,0, True,-0.9585886001586914
1361,2.8426616191864014,0, True,-1.1433377265930176
1362,2.9719951152801514,0, True,-0.5815535187721252
1363,2.87497878074646,0, True,-0.6899784803390503
1364,2.6019229888916016,0, True,-0.809618353843689
1365,2.7692699432373047,0, False,-0.914456844329834
1366,2.566739082336426,0, False,-1.2712914943695068
1367,2.5000839233398438,0, False,-1.2902311086654663
1368,0.701951265335083,1, True,-0.9543533325195312
1369,0.7957853674888611,0, True,-1.2922167778015137
1370,0.7785409688949585,1, False,-1.2987028360366821
1371,1.9694397449493408,0, True,-2.699880361557007
1372,0.5516495108604431,1, True,-3.1124649047851562
1373,2.563190221786499,0, True,-3.2378580570220947
1374,1.6323387622833252,0, True,-2.593801736831665
1375,1.587050199508667,0, True,-3.395270586013794
1376,0.22666755318641663,1, True,-3.768026828765869
1377,3.572220802307129,0, True,-2.2896928787231445
1378,3.7898061275482178,0, True,-2.859156847000122
1379,3.852841377258301,0, True,-3.1281909942626953
1380,3.3296844959259033,0, True,-0.5958226919174194
1381,0.5252260565757751,1, True,-0.7635470032691956
1382,2.9238555431365967,0, True,-0.8885675072669983
1383,1.3193795680999756,0, True,-0.7139086723327637
1384,1.3312902450561523,0, True,-0.7815275192260742
1385,0.394942969083786,1, True,-0.9314837455749512
1386,1.8795783519744873,0, True,-1.5091221332550049
1387,2.604769706726074,0, True,-1.9704375267028809
1388,0.8718051314353943,0, False,-2.291323661804199
1389,2.6448888778686523,0, True,-0.8820699453353882
1390,2.490326404571533,0, True,-1.1170862913131714
1391,2.5311388969421387,0, True,-1.1478521823883057
1392,1.0285613536834717,0, True,-0.7892541289329529
1393,2.16933012008667,0, True,-0.9173222780227661
1394,1.7821952104568481,0, True,-1.1921905279159546
1395,2.0531749725341797,0, True,-0.836280882358551
1396,1.1229915618896484,0, True,-0.9860963225364685
1397,1.8403170108795166,0, True,-1.1538894176483154
1398,2.7744698524475098,0, True,-0.6910723447799683
1399,2.973057270050049,0, True,-0.7976341247558594
1400,2.5593924522399902,0, True,-0.9011625051498413
1401,1.062666893005371,0, True,-0.5494293570518494
1402,1.0333034992218018,0, True,-0.767369270324707
1403,0.5577097535133362,1, True,-0.8445795178413391
1404,3.2590975761413574,0, True,-0.6091867685317993
1405,3.3246874809265137,0, True,-0.7093528509140015
1406,3.0655620098114014,0, True,-0.7442023158073425
1407,0.4085164964199066,1, True,-0.8575299978256226
1408,1.2237156629562378,0, True,-0.9781309366226196
1409,1.1670465469360352,0, True,-1.2159948348999023
1410,2.3162646293640137,0, True,-1.039056658744812
1411,0.5724831223487854,1, True,-1.2183544635772705
1412,2.199960708618164,0, True,-1.2322092056274414
1413,3.039590835571289,0, True,-0.8807895183563232
1414,0.41317445039749146,1, True,-1.008727788925171
1415,2.7761032581329346,0, True,-1.2912296056747437
1416,2.8382391929626465,0, True,-0.932212233543396
1417,1.2172362804412842,0, True,-0.929631233215332
1418,2.82794451713562,0, True,-1.3174890279769897
1419,2.3239498138427734,0, True,-0.8657490015029907
1420,0.4375053644180298,1, True,-0.8408756256103516
1421,2.184635639190674,0, True,-1.2330584526062012
1422,2.4960174560546875,0, True,-1.2107857465744019
1423,2.736875295639038,0, True,-1.2158803939819336
1424,2.6149303913116455,0, True,-1.5629899501800537
1425,2.8177759647369385,0, True,-0.5525466799736023
1426,0.9784234762191772,0, True,-0.6243826150894165
1427,2.697087049484253,0, True,-0.6859886050224304
1428,2.7020153999328613,0, True,-0.5751899480819702
1429,2.642160177230835,0, True,-0.6745693683624268
1430,2.392895460128784,0, True,-0.7974503636360168
1431,0.9205184578895569,0, True,-0.6450995802879333
1432,0.5501161217689514,1, True,-0.6770028471946716
1433,0.6488625407218933,1, True,-0.8284533619880676
1434,2.546501398086548,0, True,-0.8042332530021667
1435,0.4582018554210663,1, True,-0.8613096475601196
1436,2.5340778827667236,0, True,-1.028977632522583
1437,2.0230605602264404,0, True,-0.8812901973724365
1438,1.3052356243133545,0, True,-0.9534681439399719
1439,2.086594343185425,0, True,-0.9712941646575928
1440,2.970580577850342,0, True,-0.7551555633544922
1441,1.4259551763534546,0, True,-1.0290452241897583
1442,2.896557331085205,0, True,-1.2164268493652344
1443,1.166861891746521,0, True,-0.7710130214691162
1444,2.7163612842559814,0, True,-0.9900323152542114
1445,2.826535701751709,0, True,-0.9462506175041199
1446,3.1363213062286377,0, True,-0.7008414268493652
1447,0.36540961265563965,1, True,-0.7126957178115845
1448,3.118588447570801,0, True,-0.8620973825454712
1449,2.9680871963500977,0, True,-0.712472140789032
1450,0.49767985939979553,1, True,-0.8622637987136841
1451,2.8029961585998535,0, True,-0.8748414516448975
1452,2.2069220542907715,0, True,-0.8684924840927124
1453,0.5129680633544922,1, True,-0.993462085723877
1454,1.9670177698135376,0, True,-1.1985913515090942
1455,2.3490970134735107,0, True,-0.9194551706314087
1456,2.5079867839813232,0, True,-1.0076823234558105
1457,2.2314047813415527,0, True,-1.2382975816726685
1458,2.3867087364196777,0, True,-0.8060188293457031
1459,1.5074230432510376,0, True,-0.8414338827133179
1460,2.244884490966797,0, True,-1.062457799911499
1461,0.8260613679885864,0, True,-0.618730902671814
1462,0.8831713199615479,0, True,-0.7693597078323364
1463,2.797370433807373,0, True,-0.9113496541976929
1464,3.7738378047943115,0, False,-0.45820075273513794
1465,3.502676010131836,0, False,-0.5535886883735657
1466,3.4333248138427734,0, False,-0.6804437637329102
1467,0.9636250734329224,0, True,-0.4303922653198242
1468,3.0179758071899414,0, True,-0.5841181874275208
1469,0.5807614922523499,1, True,-0.6254717707633972
1470,0.8915491104125977,0, True,-0.5293841361999512
1471,1.0346500873565674,0, True,-0.6938844323158264
1472,0.6379004120826721,1, True,-0.7894479632377625
1473,2.7125415802001953,0, True,-0.47474634647369385
1474,2.672161102294922,0, True,-0.613396406173706
1475,2.4774322509765625,0, True,-0.6682907938957214
1476,2.893620014190674,0, True,-0.5920293927192688
1477,3.226961135864258,0, True,-0.6980247497558594
1478,2.8184001445770264,0, True,-0.7489145398139954
1479,2.279557943344116,0, True,-0.6787506937980652
1480,1.2354397773742676,0, True,-0.7663119435310364
1481,2.351510524749756,0, True,-0.746201753616333
1482,2.3058691024780273,0, True,-0.7632113099098206
1483,2.45052433013916,0, True,-0.8288999795913696
1484,2.3818814754486084,0, True,-0.7972939014434814
1485,3.0781266689300537,0, True,-0.6985146999359131
1486,0.3677339255809784,1, True,-0.7726397514343262
1487,3.009899139404297,0, True,-0.9889763593673706
1488,0.2947794497013092,1, True,-3.5287086963653564
1489,1.6670818328857422,0, True,-3.6596436500549316
1490,1.5777440071105957,0, True,-4.098773956298828
1491,1.3523005247116089,0, True,-2.0721287727355957
1492,1.5839276313781738,0, True,-2.5842533111572266
1493,0.36703062057495117,1, True,-2.6031124591827393
1494,1.0390946865081787,0, True,-1.3998031616210938
1495,1.7419933080673218,0, True,-1.9669824838638306
1496,1.448128581047058,0, True,-1.9831392765045166
1497,1.9514858722686768,0, True,-1.626293420791626
1498,0.45128580927848816,1, True,-2.01859712600708
1499,1.7237308025360107,0, True,-2.167412042617798
